CASEID,SEX,RACE,SCHLCOLL,ACTIVITY,DURATION
20160101161070,1,202,5,10101,105
20160101161070,1,202,5,180501,10
20160101161070,1,202,5,50101,185
20160101161070,1,202,5,180501,15
20160101161070,1,202,5,120307,165
20160101161070,1,202,5,10101,120
20160101161070,1,202,5,120307,150
20160101161070,1,202,5,110101,30
20160101161070,1,202,5,181301,15
20160101161070,1,202,5,130133,80
20160101161070,1,202,5,181301,10
20160101161070,1,202,5,10101,555
20160101161511,1,100,5,10101,420
20160101161511,1,100,5,60301,60
20160101161511,1,100,5,120303,120
20160101161511,1,100,5,130131,90
20160101161511,1,100,5,20201,10
20160101161511,1,100,5,110101,10
20160101161511,1,100,5,120308,60
20160101161511,1,100,5,120312,25
20160101161511,1,100,5,500106,5
20160101161511,1,100,5,60101,100
20160101161511,1,100,5,120303,15
20160101161511,1,100,5,120305,45
20160101161511,1,100,5,120303,270
20160101161511,1,100,5,160101,20
20160101161511,1,100,5,60301,30
20160101161511,1,100,5,120303,10
20160101161511,1,100,5,10201,5
20160101161511,1,100,5,10101,145
20160101162274,1,100,5,10101,60
20160101162274,1,100,5,10201,30
20160101162274,1,100,5,110101,30
20160101162274,1,100,5,60301,150
20160101162274,1,100,5,180603,15
20160101162274,1,100,5,60301,15
20160101162274,1,100,5,60101,75
20160101162274,1,100,5,180603,2
20160101162274,1,100,5,60301,193
20160101162274,1,100,5,180601,2
20160101162274,1,100,5,60101,73
20160101162274,1,100,5,180601,15
20160101162274,1,100,5,180701,20
20160101162274,1,100,5,70101,30
20160101162274,1,100,5,180701,20
20160101162274,1,100,5,20104,10
20160101162274,1,100,5,120312,280
20160101162274,1,100,5,20201,30
20160101162274,1,100,5,110101,30
20160101162274,1,100,5,120303,60
20160101162274,1,100,5,120312,60
20160101162274,1,100,5,10101,240
20160101162489,1,100,5,10101,270
20160101162489,1,100,5,10301,1
20160101162489,1,100,5,120307,389
20160101162489,1,100,5,110101,10
20160101162489,1,100,5,120303,170
20160101162489,1,100,5,120307,120
20160101162489,1,100,5,89999,270
20160101162489,1,100,5,10101,210
20160111150119,1,100,5,10101,210
20160111150119,1,100,5,110101,30
20160111150119,1,100,5,120101,360
20160111150119,1,100,5,110101,30
20160111150119,1,100,5,110101,180
20160111150119,1,100,5,181302,30
20160111150119,1,100,5,130224,90
20160111150119,1,100,5,181101,20
20160111150119,1,100,5,110101,30
20160111150119,1,100,5,120303,160
20160111150119,1,100,5,10101,300
20160111151107,1,210,5,10101,510
20160111151107,1,210,5,120303,120
20160111151107,1,210,5,10101,150
20160111151107,1,210,5,181206,15
20160111151107,1,210,5,120307,225
20160111151107,1,210,5,181206,15
20160111151107,1,210,5,110101,15
20160111151107,1,210,5,10101,390
20160111152046,1,100,5,180705,360
20160111152046,1,100,5,70102,5
20160111152046,1,100,5,180705,355
20160111152046,1,100,5,70102,5
20160111152046,1,100,5,180703,355
20160111152046,1,100,5,70103,5
20160111152046,1,100,5,180703,175
20160111152046,1,100,5,10101,180
20160112150626,1,100,5,10101,15
20160112150626,1,100,5,10201,35
20160112150626,1,100,5,120301,10
20160112150626,1,100,5,180501,20
20160112150626,1,100,5,180501,10
20160112150626,1,100,5,50101,165
20160112150626,1,100,5,110101,30
20160112150626,1,100,5,50101,210
20160112150626,1,100,5,110101,30
20160112150626,1,100,5,50101,75
20160112150626,1,100,5,180501,20
20160112150626,1,100,5,10101,120
20160112150626,1,100,5,120301,115
20160112150626,1,100,5,10201,30
20160112150626,1,100,5,181101,15
20160112150626,1,100,5,110101,90
20160112150626,1,100,5,181101,15
20160112150626,1,100,5,120301,165
20160112150626,1,100,5,10101,270
20160112150634,1,100,5,10101,180
20160112150634,1,100,5,10201,60
20160112150634,1,100,5,180501,15
20160112150634,1,100,5,50101,405
20160112150634,1,100,5,180703,5
20160112150634,1,100,5,70103,15
20160112150634,1,100,5,181101,5
20160112150634,1,100,5,110101,20
20160112150634,1,100,5,50101,135
20160112150634,1,100,5,120301,15
20160112150634,1,100,5,50101,105
20160112150634,1,100,5,180101,30
20160112150634,1,100,5,10201,10
20160112150634,1,100,5,181101,15
20160112150634,1,100,5,110101,20
20160112150634,1,100,5,181301,5
20160112150634,1,100,5,130109,310
20160112150634,1,100,5,180705,25
20160112150634,1,100,5,180705,1
20160112150634,1,100,5,180705,5
20160112150634,1,100,5,70102,10
20160112150634,1,100,5,180705,30
20160112150634,1,100,5,120303,19
20160112150769,1,100,5,10101,240
20160112150769,1,100,5,10201,15
20160112150769,1,100,5,110101,15
20160112150769,1,100,5,60301,75
20160112150769,1,100,5,180603,10
20160112150769,1,100,5,60101,320
20160112150769,1,100,5,180601,10
20160112150769,1,100,5,60301,60
20160112150769,1,100,5,10201,5
20160112150769,1,100,5,110101,10
20160112150769,1,100,5,181301,10
20160112150769,1,100,5,130134,10
20160112150769,1,100,5,130134,60
20160112150769,1,100,5,181301,10
20160112150769,1,100,5,110101,30
20160112150769,1,100,5,120303,200
20160112150769,1,100,5,10101,360
20160112150956,1,100,5,10101,270
20160112150956,1,100,5,110101,20
20160112150956,1,100,5,10201,40
20160112150956,1,100,5,180601,15
20160112150956,1,100,5,60101,75
20160112150956,1,100,5,180501,5
20160112150956,1,100,5,50101,235
20160112150956,1,100,5,110101,45
20160112150956,1,100,5,50101,255
20160112150956,1,100,5,180501,15
20160112150956,1,100,5,120101,15
20160112150956,1,100,5,180704,10
20160112150956,1,100,5,70104,20
20160112150956,1,100,5,180704,10
20160112150956,1,100,5,20201,20
20160112150956,1,100,5,110101,50
20160112150956,1,100,5,120101,40
20160112150956,1,100,5,120303,60
20160112150956,1,100,5,10101,240
20160112151493,1,110,5,10101,390
20160112151493,1,110,5,10201,15
20160112151493,1,110,5,180905,5
20160112151493,1,110,5,90501,15
20160112151493,1,110,5,180704,20
20160112151493,1,110,5,70104,60
20160112151493,1,110,5,180704,15
20160112151493,1,110,5,70104,30
20160112151493,1,110,5,160106,2
20160112151493,1,110,5,180704,4
20160112151493,1,110,5,70104,15
20160112151493,1,110,5,180905,60
20160112151493,1,110,5,90501,2
20160112151493,1,110,5,180905,5
20160112151493,1,110,5,120301,222
20160112151493,1,110,5,181202,40
20160112151493,1,110,5,120201,120
20160112151493,1,110,5,181202,30
20160112151493,1,110,5,10201,2
20160112151493,1,110,5,10201,20
20160112151493,1,110,5,10102,90
20160112151493,1,110,5,10101,278
20160112151518,1,100,5,10101,420
20160112151518,1,100,5,110101,20
20160112151518,1,100,5,20904,5
20160112151518,1,100,5,50101,2
20160112151518,1,100,5,80201,30
20160112151518,1,100,5,80601,20
20160112151518,1,100,5,60301,523
20160112151518,1,100,5,110101,60
20160112151518,1,100,5,60301,180
20160112151518,1,100,5,10101,180
20160112152058,1,202,5,10101,480
20160112152058,1,202,5,110101,20
20160112152058,1,202,5,120307,160
20160112152058,1,202,5,10201,30
20160112152058,1,202,5,20101,3
20160112152058,1,202,5,181201,7
20160112152058,1,202,5,120101,55
20160112152058,1,202,5,180501,25
20160112152058,1,202,5,50101,80
20160112152058,1,202,5,110101,10
20160112152058,1,202,5,50101,210
20160112152058,1,202,5,181201,25
20160112152058,1,202,5,120101,95
20160112152058,1,202,5,181201,7
20160112152058,1,202,5,120307,173
20160112152058,1,202,5,10101,60
20160201161034,1,100,5,10101,90
20160201161034,1,100,5,10201,90
20160201161034,1,100,5,180501,20
20160201161034,1,100,5,180501,15
20160201161034,1,100,5,50101,265
20160201161034,1,100,5,110101,60
20160201161034,1,100,5,50101,180
20160201161034,1,100,5,181101,10
20160201161034,1,100,5,181101,50
20160201161034,1,100,5,110101,30
20160201161034,1,100,5,60101,240
20160201161034,1,100,5,180601,45
20160201161034,1,100,5,60301,60
20160201161034,1,100,5,20902,30
20160201161034,1,100,5,10201,30
20160201161034,1,100,5,120303,30
20160201161034,1,100,5,10101,195
20160201161047,1,100,5,10101,240
20160201161047,1,100,5,10201,30
20160201161047,1,100,5,110101,30
20160201161047,1,100,5,180601,30
20160201161047,1,100,5,60101,690
20160201161047,1,100,5,180601,30
20160201161047,1,100,5,20603,60
20160201161047,1,100,5,20201,45
20160201161047,1,100,5,120303,165
20160201161047,1,100,5,10101,120
20160201161172,1,100,5,10101,285
20160201161172,1,100,5,20201,20
20160201161172,1,100,5,110101,20
20160201161172,1,100,5,30103,45
20160201161172,1,100,5,30101,20
20160201161172,1,100,5,180302,10
20160201161172,1,100,5,30103,100
20160201161172,1,100,5,180302,10
20160201161172,1,100,5,110101,25
20160201161172,1,100,5,120303,20
20160201161172,1,100,5,30101,15
20160201161172,1,100,5,120303,105
20160201161172,1,100,5,180704,10
20160201161172,1,100,5,70104,30
20160201161172,1,100,5,180905,15
20160201161172,1,100,5,90501,35
20160201161172,1,100,5,180703,10
20160201161172,1,100,5,70103,3
20160201161172,1,100,5,70105,12
20160201161172,1,100,5,180703,10
20160201161172,1,100,5,120101,25
20160201161172,1,100,5,110101,40
20160201161172,1,100,5,30103,120
20160201161172,1,100,5,30101,10
20160201161172,1,100,5,20101,20
20160201161172,1,100,5,60301,105
20160201161172,1,100,5,120303,180
20160201161172,1,100,5,10101,140
20160201161553,1,110,5,10101,75
20160201161553,1,110,5,10201,60
20160201161553,1,110,5,20201,15
20160201161553,1,110,5,180501,10
20160201161553,1,110,5,50101,320
20160201161553,1,110,5,110101,30
20160201161553,1,110,5,50101,240
20160201161553,1,110,5,180501,10
20160201161553,1,110,5,60301,45
20160201161553,1,110,5,180302,10
20160201161553,1,110,5,30112,10
20160201161553,1,110,5,180302,10
20160201161553,1,110,5,20201,15
20160201161553,1,110,5,30106,20
20160201161553,1,110,5,60301,60
20160201161553,1,110,5,30101,20
20160201161553,1,110,5,120303,30
20160201161553,1,110,5,10101,460
20160201161921,1,131,5,10101,360
20160201161921,1,131,5,10201,30
20160201161921,1,131,5,110101,60
20160201161921,1,131,5,120303,60
20160201161921,1,131,5,181301,30
20160201161921,1,131,5,130134,30
20160201161921,1,131,5,130126,180
20160201161921,1,131,5,120301,60
20160201161921,1,131,5,181206,30
20160201161921,1,131,5,60301,120
20160201161921,1,131,5,110101,60
20160201161921,1,131,5,10201,30
20160201161921,1,131,5,120312,30
20160201161921,1,131,5,10101,360
20160201161941,1,100,5,10101,150
20160201161941,1,100,5,10201,60
20160201161941,1,100,5,110101,30
20160201161941,1,100,5,180501,35
20160201161941,1,100,5,50101,85
20160201161941,1,100,5,120308,15
20160201161941,1,100,5,50101,105
20160201161941,1,100,5,110101,40
20160201161941,1,100,5,50101,230
20160201161941,1,100,5,180501,35
20160201161941,1,100,5,20101,60
20160201161941,1,100,5,10201,30
20160201161941,1,100,5,110101,60
20160201161941,1,100,5,120303,175
20160201161941,1,100,5,50101,90
20160201161941,1,100,5,10201,15
20160201161941,1,100,5,10101,225
20160201161968,1,120,5,10101,240
20160201161968,1,120,5,60301,180
20160201161968,1,120,5,110101,30
20160201161968,1,120,5,120313,90
20160201161968,1,120,5,60301,240
20160201161968,1,120,5,110101,60
20160201161968,1,120,5,10101,120
20160201161968,1,120,5,60301,150
20160201161968,1,120,5,120308,60
20160201161968,1,120,5,10101,270
20160201162128,1,100,5,10101,270
20160201162128,1,100,5,60301,330
20160201162128,1,100,5,180405,3
20160201162128,1,100,5,40401,177
20160201162128,1,100,5,180405,3
20160201162128,1,100,5,10201,30
20160201162128,1,100,5,500103,3
20160201162128,1,100,5,181101,40
20160201162128,1,100,5,110101,104
20160201162128,1,100,5,180405,40
20160201162128,1,100,5,40401,30
20160201162128,1,100,5,180405,3
20160201162128,1,100,5,60301,227
20160201162128,1,100,5,10201,10
20160201162128,1,100,5,10101,170
20160201162191,1,100,5,10101,300
20160201162191,1,100,5,20102,120
20160201162191,1,100,5,20203,15
20160201162191,1,100,5,20101,25
20160201162191,1,100,5,120303,20
20160201162191,1,100,5,180704,15
20160201162191,1,100,5,70104,10
20160201162191,1,100,5,180704,15
20160201162191,1,100,5,60301,90
20160201162191,1,100,5,120303,110
20160201162191,1,100,5,10201,15
20160201162191,1,100,5,181206,15
20160201162191,1,100,5,120303,150
20160201162191,1,100,5,110101,25
20160201162191,1,100,5,120303,245
20160201162191,1,100,5,181206,15
20160201162191,1,100,5,10101,255
20160201162476,1,131,5,10101,195
20160201162476,1,131,5,10201,45
20160201162476,1,131,5,181101,1
20160201162476,1,131,5,110101,20
20160201162476,1,131,5,180601,15
20160201162476,1,131,5,60101,74
20160201162476,1,131,5,180601,15
20160201162476,1,131,5,60301,120
20160201162476,1,131,5,181101,1
20160201162476,1,131,5,110101,25
20160201162476,1,131,5,180601,15
20160201162476,1,131,5,60101,50
20160201162476,1,131,5,180601,15
20160201162476,1,131,5,60301,90
20160201162476,1,131,5,120307,120
20160201162476,1,131,5,180703,5
20160201162476,1,131,5,70105,10
20160201162476,1,131,5,70103,1
20160201162476,1,131,5,180703,5
20160201162476,1,131,5,110101,15
20160201162476,1,131,5,60301,150
20160201162476,1,131,5,120307,180
20160201162476,1,131,5,10102,63
20160201162476,1,131,5,10101,210
20160202161991,1,100,5,10101,240
20160202161991,1,100,5,60301,120
20160202161991,1,100,5,130134,60
20160202161991,1,100,5,110101,60
20160202161991,1,100,5,120312,60
20160202161991,1,100,5,180601,40
20160202161991,1,100,5,60101,170
20160202161991,1,100,5,60301,90
20160202161991,1,100,5,60101,180
20160202161991,1,100,5,180601,60
20160202161991,1,100,5,120303,60
20160202161991,1,100,5,120312,60
20160202161991,1,100,5,10101,240
20160212151318,1,100,5,10201,20
20160212151318,1,100,5,500106,25
20160212151318,1,100,5,180603,75
20160212151318,1,100,5,60301,60
20160212151318,1,100,5,60101,300
20160212151318,1,100,5,180601,60
20160212151318,1,100,5,10101,30
20160212151318,1,100,5,10201,5
20160212151318,1,100,5,130133,120
20160212151318,1,100,5,10201,30
20160212151318,1,100,5,110101,60
20160212151318,1,100,5,60301,240
20160212151318,1,100,5,10101,415
20160212151409,1,100,5,10101,450
20160212151409,1,100,5,181301,30
20160212151409,1,100,5,130133,90
20160212151409,1,100,5,180601,5
20160212151409,1,100,5,60101,75
20160212151409,1,100,5,180601,30
20160212151409,1,100,5,20201,10
20160212151409,1,100,5,110101,5
20160212151409,1,100,5,120303,115
20160212151409,1,100,5,181206,30
20160212151409,1,100,5,120306,15
20160212151409,1,100,5,50101,195
20160212151409,1,100,5,180501,30
20160212151409,1,100,5,110101,10
20160212151409,1,100,5,10201,20
20160212151409,1,100,5,120308,30
20160212151409,1,100,5,10101,300
20160212151795,1,100,5,10101,300
20160212151795,1,100,5,20303,240
20160212151795,1,100,5,30103,60
20160212151795,1,100,5,20801,120
20160212151795,1,100,5,20401,240
20160212151795,1,100,5,10201,30
20160212151795,1,100,5,120303,330
20160212151795,1,100,5,20102,120
20160212152508,1,100,5,10101,240
20160212152508,1,100,5,10201,45
20160212152508,1,100,5,180601,15
20160212152508,1,100,5,180601,60
20160212152508,1,100,5,180601,10
20160212152508,1,100,5,60101,75
20160212152508,1,100,5,181101,5
20160212152508,1,100,5,110101,30
20160212152508,1,100,5,180603,5
20160212152508,1,100,5,60301,10
20160212152508,1,100,5,60101,75
20160212152508,1,100,5,180601,10
20160212152508,1,100,5,180601,60
20160212152508,1,100,5,180601,15
20160212152508,1,100,5,20603,60
20160212152508,1,100,5,110101,60
20160212152508,1,100,5,120101,105
20160212152508,1,100,5,10201,15
20160212152508,1,100,5,181301,10
20160212152508,1,100,5,130134,90
20160212152508,1,100,5,181101,5
20160212152508,1,100,5,110101,15
20160212152508,1,100,5,181101,10
20160212152508,1,100,5,10201,20
20160212152508,1,100,5,120303,95
20160212152508,1,100,5,10101,300
20160301161499,1,100,5,10101,120
20160301161499,1,100,5,110101,15
20160301161499,1,100,5,30109,45
20160301161499,1,100,5,180302,30
20160301161499,1,100,5,30112,1
20160301161499,1,100,5,180501,30
20160301161499,1,100,5,50101,239
20160301161499,1,100,5,181101,10
20160301161499,1,100,5,110101,20
20160301161499,1,100,5,180501,10
20160301161499,1,100,5,50101,320
20160301161499,1,100,5,180501,5
20160301161499,1,100,5,30112,5
20160301161499,1,100,5,181501,5
20160301161499,1,100,5,150204,90
20160301161499,1,100,5,181501,5
20160301161499,1,100,5,110101,30
20160301161499,1,100,5,10201,20
20160301161499,1,100,5,130134,30
20160301161499,1,100,5,30101,10
20160301161499,1,100,5,10201,5
20160301161499,1,100,5,120312,30
20160301161499,1,100,5,10101,365
20160302160830,1,110,5,10101,240
20160302160830,1,110,5,20904,1
20160302160830,1,110,5,10201,15
20160302160830,1,110,5,20603,5
20160302160830,1,110,5,180805,35
20160302160830,1,110,5,80502,60
20160302160830,1,110,5,120303,120
20160302160830,1,110,5,80501,30
20160302160830,1,110,5,180805,45
20160302160830,1,110,5,120303,109
20160302160830,1,110,5,10201,30
20160302160830,1,110,5,110101,20
20160302160830,1,110,5,20603,10
20160302160830,1,110,5,180501,15
20160302160830,1,110,5,50101,225
20160302160830,1,110,5,180501,15
20160302160830,1,110,5,120303,105
20160302160830,1,110,5,10201,2
20160302160830,1,110,5,10102,48
20160302160830,1,110,5,10101,310
20160302160843,1,110,5,10101,120
20160302160843,1,110,5,20602,5
20160302160843,1,110,5,110101,5
20160302160843,1,110,5,500106,20
20160302160843,1,110,5,180501,20
20160302160843,1,110,5,50101,430
20160302160843,1,110,5,110101,30
20160302160843,1,110,5,50101,110
20160302160843,1,110,5,180501,30
20160302160843,1,110,5,10201,30
20160302160843,1,110,5,181204,20
20160302160843,1,110,5,120499,260
20160302160843,1,110,5,181204,20
20160302160843,1,110,5,10101,340
20160302161279,1,100,5,10101,90
20160302161279,1,100,5,20201,5
20160302161279,1,100,5,30108,5
20160302161279,1,100,5,10201,10
20160302161279,1,100,5,20203,10
20160302161279,1,100,5,30101,10
20160302161279,1,100,5,20201,10
20160302161279,1,100,5,30101,10
20160302161279,1,100,5,30102,20
20160302161279,1,100,5,30101,10
20160302161279,1,100,5,10201,10
20160302161279,1,100,5,180302,10
20160302161279,1,100,5,30112,5
20160302161279,1,100,5,180501,10
20160302161279,1,100,5,50101,490
20160302161279,1,100,5,180302,10
20160302161279,1,100,5,30112,5
20160302161279,1,100,5,180302,10
20160302161279,1,100,5,20201,25
20160302161279,1,100,5,110101,30
20160302161279,1,100,5,180601,10
20160302161279,1,100,5,60101,150
20160302161279,1,100,5,180601,10
20160302161279,1,100,5,30106,5
20160302161279,1,100,5,30201,45
20160302161279,1,100,5,30101,30
20160302161279,1,100,5,120303,30
20160302161279,1,100,5,30101,5
20160302161279,1,100,5,30101,25
20160302161279,1,100,5,60301,30
20160302161279,1,100,5,120303,60
20160302161279,1,100,5,10201,15
20160302161279,1,100,5,10101,240
20160302161284,1,100,5,10101,90
20160302161284,1,100,5,10201,30
20160302161284,1,100,5,110101,60
20160302161284,1,100,5,50101,330
20160302161284,1,100,5,20902,5
20160302161284,1,100,5,70104,5
20160302161284,1,100,5,180704,150
20160302161284,1,100,5,70104,10
20160302161284,1,100,5,180704,15
20160302161284,1,100,5,20902,5
20160302161284,1,100,5,120303,20
20160302161284,1,100,5,180306,5
20160302161284,1,100,5,30503,1
20160302161284,1,100,5,180306,5
20160302161284,1,100,5,120303,60
20160302161284,1,100,5,181101,10
20160302161284,1,100,5,110101,90
20160302161284,1,100,5,181204,20
20160302161284,1,100,5,120403,120
20160302161284,1,100,5,181204,15
20160302161284,1,100,5,20603,15
20160302161284,1,100,5,120303,139
20160302161284,1,100,5,10101,240
20160302161400,1,110,5,10101,120
20160302161400,1,110,5,10201,60
20160302161400,1,110,5,110101,10
20160302161400,1,110,5,180601,20
20160302161400,1,110,5,60101,270
20160302161400,1,110,5,180601,20
20160302161400,1,110,5,110101,20
20160302161400,1,110,5,120303,110
20160302161400,1,110,5,120312,60
20160302161400,1,110,5,130134,60
20160302161400,1,110,5,10201,15
20160302161400,1,110,5,120303,180
20160302161400,1,110,5,20201,30
20160302161400,1,110,5,110101,15
20160302161400,1,110,5,160102,30
20160302161400,1,110,5,120312,90
20160302161400,1,110,5,10201,2
20160302161400,1,110,5,10101,328
20160302161606,1,100,5,120303,60
20160302161606,1,100,5,180703,10
20160302161606,1,100,5,70103,2
20160302161606,1,100,5,180703,10
20160302161606,1,100,5,20101,10
20160302161606,1,100,5,120303,58
20160302161606,1,100,5,30101,15
20160302161606,1,100,5,20101,15
20160302161606,1,100,5,180302,10
20160302161606,1,100,5,30112,2
20160302161606,1,100,5,180302,10
20160302161606,1,100,5,10101,188
20160302161606,1,100,5,10201,15
20160302161606,1,100,5,181101,5
20160302161606,1,100,5,110101,30
20160302161606,1,100,5,120101,120
20160302161606,1,100,5,180704,2
20160302161606,1,100,5,70104,8
20160302161606,1,100,5,180704,5
20160302161606,1,100,5,20902,60
20160302161606,1,100,5,180209,5
20160302161606,1,100,5,20902,2
20160302161606,1,100,5,180804,30
20160302161606,1,100,5,80401,30
20160302161606,1,100,5,180804,30
20160302161606,1,100,5,20902,15
20160302161606,1,100,5,180703,3
20160302161606,1,100,5,70103,1
20160302161606,1,100,5,181501,10
20160302161606,1,100,5,150204,154
20160302161606,1,100,5,180703,3
20160302161606,1,100,5,70103,3
20160302161606,1,100,5,180703,10
20160302161606,1,100,5,120303,30
20160302161606,1,100,5,30101,30
20160302161606,1,100,5,20203,15
20160302161606,1,100,5,120303,30
20160302161606,1,100,5,10101,194
20160302161606,1,100,5,120303,150
20160302161606,1,100,5,10101,60
20160302161796,1,100,5,10101,240
20160302161796,1,100,5,20201,135
20160302161796,1,100,5,110101,15
20160302161796,1,100,5,10201,20
20160302161796,1,100,5,180704,7
20160302161796,1,100,5,70104,40
20160302161796,1,100,5,180704,7
20160302161796,1,100,5,20104,15
20160302161796,1,100,5,110101,10
20160302161796,1,100,5,181202,8
20160302161796,1,100,5,120201,120
20160302161796,1,100,5,181202,8
20160302161796,1,100,5,60301,150
20160302161796,1,100,5,120101,155
20160302161796,1,100,5,60301,120
20160302161796,1,100,5,10101,390
20160302161860,1,100,5,10101,360
20160302161860,1,100,5,160199,15
20160302161860,1,100,5,120308,20
20160302161860,1,100,5,180703,8
20160302161860,1,100,5,70103,5
20160302161860,1,100,5,181101,2
20160302161860,1,100,5,110201,5
20160302161860,1,100,5,110101,30
20160302161860,1,100,5,160102,15
20160302161860,1,100,5,181201,8
20160302161860,1,100,5,120101,60
20160302161860,1,100,5,120308,30
20160302161860,1,100,5,181206,2
20160302161860,1,100,5,20101,15
20160302161860,1,100,5,20102,10
20160302161860,1,100,5,20203,10
20160302161860,1,100,5,20101,10
20160302161860,1,100,5,10201,20
20160302161860,1,100,5,120307,90
20160302161860,1,100,5,180703,10
20160302161860,1,100,5,70103,10
20160302161860,1,100,5,180703,10
20160302161860,1,100,5,110101,20
20160302161860,1,100,5,120303,135
20160302161860,1,100,5,60301,75
20160302161860,1,100,5,180603,5
20160302161860,1,100,5,60301,90
20160302161860,1,100,5,180703,15
20160302161860,1,100,5,70103,15
20160302161860,1,100,5,180703,10
20160302161860,1,100,5,20902,5
20160302161860,1,100,5,180202,2
20160302161860,1,100,5,20201,15
20160302161860,1,100,5,110101,10
20160302161860,1,100,5,60301,60
20160302161860,1,100,5,180603,2
20160302161860,1,100,5,10201,10
20160302161860,1,100,5,120308,10
20160302161860,1,100,5,10101,216
20160302161911,1,100,5,10101,300
20160302161911,1,100,5,10201,60
20160302161911,1,100,5,110101,30
20160302161911,1,100,5,120303,60
20160302161911,1,100,5,70104,60
20160302161911,1,100,5,60301,120
20160302161911,1,100,5,181101,10
20160302161911,1,100,5,110101,20
20160302161911,1,100,5,181101,10
20160302161911,1,100,5,120303,50
20160302161911,1,100,5,60301,90
20160302161911,1,100,5,110101,30
20160302161911,1,100,5,10201,60
20160302161911,1,100,5,180406,10
20160302161911,1,100,5,40507,20
20160302161911,1,100,5,180406,5
20160302161911,1,100,5,40507,15
20160302161911,1,100,5,181201,10
20160302161911,1,100,5,120101,180
20160302161911,1,100,5,120303,60
20160302161911,1,100,5,180703,5
20160302161911,1,100,5,70103,10
20160302161911,1,100,5,181206,5
20160302161911,1,100,5,120303,40
20160302161911,1,100,5,180406,15
20160302161911,1,100,5,40507,10
20160302161911,1,100,5,180406,10
20160302161911,1,100,5,40507,5
20160302161911,1,100,5,180406,10
20160302161911,1,100,5,10201,25
20160302161911,1,100,5,120312,30
20160302161911,1,100,5,10101,75
20160302162115,1,100,5,10101,270
20160302162115,1,100,5,20201,30
20160302162115,1,100,5,20101,120
20160302162115,1,100,5,120312,30
20160302162115,1,100,5,20101,120
20160302162115,1,100,5,180701,5
20160302162115,1,100,5,70101,60
20160302162115,1,100,5,180703,2
20160302162115,1,100,5,70103,15
20160302162115,1,100,5,180703,5
20160302162115,1,100,5,20902,15
20160302162115,1,100,5,20104,10
20160302162115,1,100,5,20102,3
20160302162115,1,100,5,120303,125
20160302162115,1,100,5,70103,5
20160302162115,1,100,5,120303,55
20160302162115,1,100,5,110101,20
20160302162115,1,100,5,120303,30
20160302162115,1,100,5,30101,40
20160302162115,1,100,5,500101,45
20160302162115,1,100,5,120303,120
20160302162115,1,100,5,10101,315
20160302162228,1,100,5,10101,300
20160302162228,1,100,5,10201,20
20160302162228,1,100,5,180501,10
20160302162228,1,100,5,50101,150
20160302162228,1,100,5,110101,15
20160302162228,1,100,5,50101,150
20160302162228,1,100,5,120301,30
20160302162228,1,100,5,50101,180
20160302162228,1,100,5,180501,10
20160302162228,1,100,5,10201,30
20160302162228,1,100,5,181101,20
20160302162228,1,100,5,110101,120
20160302162228,1,100,5,181101,15
20160302162228,1,100,5,120303,30
20160302162228,1,100,5,10101,360
20160303160555,1,100,5,10101,120
20160303160555,1,100,5,110101,10
20160303160555,1,100,5,180306,20
20160303160555,1,100,5,30503,1
20160303160555,1,100,5,181301,10
20160303160555,1,100,5,130134,60
20160303160555,1,100,5,10201,15
20160303160555,1,100,5,50101,244
20160303160555,1,100,5,110101,30
20160303160555,1,100,5,50101,240
20160303160555,1,100,5,180501,1
20160303160555,1,100,5,50102,120
20160303160555,1,100,5,181101,2
20160303160555,1,100,5,110101,30
20160303160555,1,100,5,189999,2
20160303160555,1,100,5,500101,120
20160303160555,1,100,5,189999,30
20160303160555,1,100,5,120303,30
20160303160555,1,100,5,10101,355
20160303160687,1,131,5,10101,300
20160303160687,1,131,5,120303,210
20160303160687,1,131,5,10201,60
20160303160687,1,131,5,20201,90
20160303160687,1,131,5,110101,20
20160303160687,1,131,5,181301,2
20160303160687,1,131,5,130131,60
20160303160687,1,131,5,181301,2
20160303160687,1,131,5,120303,216
20160303160687,1,131,5,20201,60
20160303160687,1,131,5,110101,60
20160303160687,1,131,5,60301,60
20160303160687,1,131,5,10101,300
20160402161411,1,100,5,10101,240
20160402161411,1,100,5,40504,120
20160402161411,1,100,5,180704,10
20160402161411,1,100,5,70104,20
20160402161411,1,100,5,180704,10
20160402161411,1,100,5,40504,80
20160402161411,1,100,5,110101,60
20160402161411,1,100,5,60301,180
20160402161411,1,100,5,20201,120
20160402161411,1,100,5,120303,180
20160402161411,1,100,5,10101,420
20160403160781,1,100,5,10101,180
20160403160781,1,100,5,30101,30
20160403160781,1,100,5,120308,120
20160403160781,1,100,5,20501,60
20160403160781,1,100,5,110101,60
20160403160781,1,100,5,60301,90
20160403160781,1,100,5,110101,30
20160403160781,1,100,5,60301,90
20160403160781,1,100,5,180302,10
20160403160781,1,100,5,30112,15
20160403160781,1,100,5,180302,15
20160403160781,1,100,5,30112,3
20160403160781,1,100,5,180302,32
20160403160781,1,100,5,30112,30
20160403160781,1,100,5,180302,15
20160403160781,1,100,5,120101,60
20160403160781,1,100,5,20201,60
20160403160781,1,100,5,110101,60
20160403160781,1,100,5,500101,60
20160403160781,1,100,5,120303,120
20160403160781,1,100,5,10101,300
20160403161061,1,131,5,10101,330
20160403161061,1,131,5,110101,15
20160403161061,1,131,5,181401,45
20160403161061,1,131,5,140101,120
20160403161061,1,131,5,181101,10
20160403161061,1,131,5,110101,80
20160403161061,1,131,5,181101,10
20160403161061,1,131,5,181101,50
20160403161061,1,131,5,180703,5
20160403161061,1,131,5,70103,10
20160403161061,1,131,5,180703,5
20160403161061,1,131,5,20701,15
20160403161061,1,131,5,160102,30
20160403161061,1,131,5,10101,190
20160403161061,1,131,5,120308,45
20160403161061,1,131,5,160101,60
20160403161061,1,131,5,60301,30
20160403161061,1,131,5,110101,15
20160403161061,1,131,5,60301,165
20160403161061,1,131,5,10201,10
20160403161061,1,131,5,120308,15
20160403161061,1,131,5,10101,185
20160403162185,1,100,5,10101,90
20160403162185,1,100,5,50101,180
20160403162185,1,100,5,181501,5
20160403162185,1,100,5,150302,40
20160403162185,1,100,5,181501,5
20160403162185,1,100,5,110101,30
20160403162185,1,100,5,50101,160
20160403162185,1,100,5,110101,30
20160403162185,1,100,5,50101,495
20160403162185,1,100,5,110101,15
20160403162185,1,100,5,120303,30
20160403162185,1,100,5,10101,360
20160503160995,1,100,5,10101,360
20160503160995,1,100,5,20201,20
20160503160995,1,100,5,60301,520
20160503160995,1,100,5,110101,30
20160503160995,1,100,5,60301,270
20160503160995,1,100,5,120306,60
20160503160995,1,100,5,10101,180
20160503162142,1,100,5,10101,360
20160503162142,1,100,5,110101,30
20160503162142,1,100,5,120303,60
20160503162142,1,100,5,181206,60
20160503162142,1,100,5,120303,120
20160503162142,1,100,5,500106,120
20160503162142,1,100,5,181401,30
20160503162142,1,100,5,140101,30
20160503162142,1,100,5,120101,90
20160503162142,1,100,5,180101,30
20160503162142,1,100,5,10201,20
20160503162142,1,100,5,181201,20
20160503162142,1,100,5,120101,110
20160503162142,1,100,5,181201,60
20160503162142,1,100,5,10201,30
20160503162142,1,100,5,10101,270
20160504160797,1,100,5,10101,360
20160504160797,1,100,5,20201,30
20160504160797,1,100,5,110101,30
20160504160797,1,100,5,120307,90
20160504160797,1,100,5,180703,5
20160504160797,1,100,5,70103,5
20160504160797,1,100,5,110101,30
20160504160797,1,100,5,181301,15
20160504160797,1,100,5,130116,150
20160504160797,1,100,5,180101,15
20160504160797,1,100,5,10201,30
20160504160797,1,100,5,180101,80
20160504160797,1,100,5,40507,10
20160504160797,1,100,5,181101,15
20160504160797,1,100,5,110101,45
20160504160797,1,100,5,181201,30
20160504160797,1,100,5,120101,45
20160504160797,1,100,5,120307,65
20160504160797,1,100,5,181206,15
20160504160797,1,100,5,110101,20
20160504160797,1,100,5,10102,55
20160504160797,1,100,5,10101,300
20160504160849,1,110,5,10101,240
20160504160849,1,110,5,20201,15
20160504160849,1,110,5,10201,40
20160504160849,1,110,5,120303,60
20160504160849,1,110,5,20203,30
20160504160849,1,110,5,180704,10
20160504160849,1,110,5,70104,30
20160504160849,1,110,5,180704,2
20160504160849,1,110,5,70104,2
20160504160849,1,110,5,40106,21
20160504160849,1,110,5,120403,160
20160504160849,1,110,5,181201,20
20160504160849,1,110,5,120101,5
20160504160849,1,110,5,181206,35
20160504160849,1,110,5,120303,120
20160504160849,1,110,5,10101,80
20160504160849,1,110,5,180703,10
20160504160849,1,110,5,70103,3
20160504160849,1,110,5,120101,15
20160504160849,1,110,5,110101,20
20160504160849,1,110,5,120101,30
20160504160849,1,110,5,180206,10
20160504160849,1,110,5,20603,15
20160504160849,1,110,5,120101,45
20160504160849,1,110,5,181201,30
20160504160849,1,110,5,120307,90
20160504160849,1,110,5,10201,15
20160504160849,1,110,5,120303,30
20160504160849,1,110,5,10101,257
20160504160893,1,131,5,10101,300
20160504160893,1,131,5,10201,45
20160504160893,1,131,5,110101,30
20160504160893,1,131,5,120303,60
20160504160893,1,131,5,130124,60
20160504160893,1,131,5,60301,240
20160504160893,1,131,5,60101,60
20160504160893,1,131,5,110101,30
20160504160893,1,131,5,120303,60
20160504160893,1,131,5,160102,30
20160504160893,1,131,5,10201,15
20160504160893,1,131,5,181301,15
20160504160893,1,131,5,130105,60
20160504160893,1,131,5,181301,15
20160504160893,1,131,5,120101,30
20160504160893,1,131,5,20201,10
20160504160893,1,131,5,110101,5
20160504160893,1,131,5,120303,60
20160504160893,1,131,5,20902,45
20160504160893,1,131,5,120308,60
20160504160893,1,131,5,10101,210
20160504161032,1,100,5,10101,300
20160504161032,1,100,5,10201,20
20160504161032,1,100,5,110101,10
20160504161032,1,100,5,120303,30
20160504161032,1,100,5,181201,15
20160504161032,1,100,5,120101,15
20160504161032,1,100,5,180406,30
20160504161032,1,100,5,40508,45
20160504161032,1,100,5,181101,40
20160504161032,1,100,5,110101,60
20160504161032,1,100,5,181201,10
20160504161032,1,100,5,120101,60
20160504161032,1,100,5,120303,120
20160504161032,1,100,5,120101,120
20160504161032,1,100,5,120307,180
20160504161032,1,100,5,120303,90
20160504161032,1,100,5,181206,10
20160504161032,1,100,5,110101,5
20160504161032,1,100,5,120303,30
20160504161032,1,100,5,120301,25
20160504161032,1,100,5,10101,225
20160504161083,1,110,5,10101,240
20160504161083,1,110,5,180601,20
20160504161083,1,110,5,60101,175
20160504161083,1,110,5,180601,20
20160504161083,1,110,5,10101,85
20160504161083,1,110,5,120303,390
20160504161083,1,110,5,110101,30
20160504161083,1,110,5,120303,120
20160504161083,1,110,5,10101,360
20160504161389,1,100,5,10101,240
20160504161389,1,100,5,110101,30
20160504161389,1,100,5,10201,60
20160504161389,1,100,5,120303,60
20160504161389,1,100,5,180501,15
20160504161389,1,100,5,50102,105
20160504161389,1,100,5,180501,30
20160504161389,1,100,5,50102,180
20160504161389,1,100,5,181206,40
20160504161389,1,100,5,120303,20
20160504161389,1,100,5,110101,30
20160504161389,1,100,5,120303,300
20160504161389,1,100,5,181206,20
20160504161389,1,100,5,10201,20
20160504161389,1,100,5,10101,290
20160504161538,1,110,5,10101,300
20160504161538,1,110,5,10201,30
20160504161538,1,110,5,110101,20
20160504161538,1,110,5,120303,120
20160504161538,1,110,5,180701,10
20160504161538,1,110,5,70101,60
20160504161538,1,110,5,180701,15
20160504161538,1,110,5,110101,15
20160504161538,1,110,5,120303,330
20160504161538,1,110,5,10101,540
20160504162448,1,100,5,10101,300
20160504162448,1,100,5,10201,45
20160504162448,1,100,5,140102,45
20160504162448,1,100,5,110101,5
20160504162448,1,100,5,181201,10
20160504162448,1,100,5,120101,15
20160504162448,1,100,5,140101,70
20160504162448,1,100,5,181101,10
20160504162448,1,100,5,110101,40
20160504162448,1,100,5,60301,30
20160504162448,1,100,5,181401,2
20160504162448,1,100,5,140105,118
20160504162448,1,100,5,60401,50
20160504162448,1,100,5,60301,70
20160504162448,1,100,5,110101,40
20160504162448,1,100,5,60301,50
20160504162448,1,100,5,10201,30
20160504162448,1,100,5,60301,80
20160504162448,1,100,5,120303,160
20160504162448,1,100,5,120307,30
20160504162448,1,100,5,10201,30
20160504162448,1,100,5,10102,10
20160504162448,1,100,5,10101,200
20160504162505,1,110,5,10101,360
20160504162505,1,110,5,110101,60
20160504162505,1,110,5,10201,2
20160504162505,1,110,5,60101,120
20160504162505,1,110,5,180704,5
20160504162505,1,110,5,70104,1
20160504162505,1,110,5,180704,5
20160504162505,1,110,5,60101,137
20160504162505,1,110,5,10101,180
20160504162505,1,110,5,110101,60
20160504162505,1,110,5,10201,20
20160504162505,1,110,5,10101,490
20160504162527,1,110,5,10101,60
20160504162527,1,110,5,130124,45
20160504162527,1,110,5,10201,15
20160504162527,1,110,5,20201,15
20160504162527,1,110,5,120303,105
20160504162527,1,110,5,60301,120
20160504162527,1,110,5,20201,20
20160504162527,1,110,5,120303,130
20160504162527,1,110,5,180501,10
20160504162527,1,110,5,50101,305
20160504162527,1,110,5,110101,45
20160504162527,1,110,5,50101,150
20160504162527,1,110,5,181301,10
20160504162527,1,110,5,130133,75
20160504162527,1,110,5,181301,5
20160504162527,1,110,5,10201,15
20160504162527,1,110,5,10101,315
20160603162150,1,110,5,10101,270
20160603162150,1,110,5,20101,120
20160603162150,1,110,5,120303,30
20160603162150,1,110,5,160199,45
20160603162150,1,110,5,10101,30
20160603162150,1,110,5,10201,20
20160603162150,1,110,5,110101,20
20160603162150,1,110,5,181201,7
20160603162150,1,110,5,120101,150
20160603162150,1,110,5,180501,30
20160603162150,1,110,5,50101,240
20160603162150,1,110,5,181301,25
20160603162150,1,110,5,130131,20
20160603162150,1,110,5,180703,8
20160603162150,1,110,5,70103,6
20160603162150,1,110,5,180703,5
20160603162150,1,110,5,160102,20
20160603162150,1,110,5,120303,20
20160603162150,1,110,5,10101,374
20160604161780,1,100,5,10101,180
20160604161780,1,100,5,180302,20
20160604161780,1,100,5,30112,10
20160604161780,1,100,5,180302,20
20160604161780,1,100,5,20101,550
20160604161780,1,100,5,180302,20
20160604161780,1,100,5,30112,10
20160604161780,1,100,5,180302,20
20160604161780,1,100,5,30103,60
20160604161780,1,100,5,110101,60
20160604161780,1,100,5,30101,30
20160604161780,1,100,5,30101,5
20160604161780,1,100,5,120303,60
20160604161780,1,100,5,10101,395
20160604161925,1,100,5,10101,60
20160604161925,1,100,5,10201,15
20160604161925,1,100,5,20201,15
20160604161925,1,100,5,30101,30
20160604161925,1,100,5,20201,30
20160604161925,1,100,5,180302,15
20160604161925,1,100,5,30112,10
20160604161925,1,100,5,180501,20
20160604161925,1,100,5,50101,225
20160604161925,1,100,5,110101,20
20160604161925,1,100,5,50101,220
20160604161925,1,100,5,180501,25
20160604161925,1,100,5,30111,10
20160604161925,1,100,5,30201,30
20160604161925,1,100,5,30111,30
20160604161925,1,100,5,180302,10
20160604161925,1,100,5,30112,2
20160604161925,1,100,5,30110,180
20160604161925,1,100,5,150302,20
20160604161925,1,100,5,181501,10
20160604161925,1,100,5,30101,15
20160604161925,1,100,5,50101,30
20160604161925,1,100,5,20101,60
20160604161925,1,100,5,10102,10
20160604161925,1,100,5,10101,348
20160605160092,1,110,5,10101,300
20160605160092,1,110,5,180601,20
20160605160092,1,110,5,60101,280
20160605160092,1,110,5,60301,240
20160605160092,1,110,5,110101,35
20160605160092,1,110,5,181101,20
20160605160092,1,110,5,120312,120
20160605160092,1,110,5,10201,45
20160605160092,1,110,5,10101,380
20160605160725,1,120,5,10101,60
20160605160725,1,120,5,120303,30
20160605160725,1,120,5,10201,30
20160605160725,1,120,5,180501,20
20160605160725,1,120,5,180501,5
20160605160725,1,120,5,180501,25
20160605160725,1,120,5,180501,5
20160605160725,1,120,5,50101,245
20160605160725,1,120,5,120301,10
20160605160725,1,120,5,50101,110
20160605160725,1,120,5,110101,60
20160605160725,1,120,5,50101,120
20160605160725,1,120,5,180501,5
20160605160725,1,120,5,180501,25
20160605160725,1,120,5,180501,20
20160605160725,1,120,5,10201,30
20160605160725,1,120,5,130134,45
20160605160725,1,120,5,120303,120
20160605160725,1,120,5,10101,475
20160605160833,1,100,5,10101,180
20160605160833,1,100,5,20902,60
20160605160833,1,100,5,189999,9
20160605160833,1,100,5,189999,15
20160605160833,1,100,5,120101,15
20160605160833,1,100,5,181801,45
20160605160833,1,100,5,181601,30
20160605160833,1,100,5,160199,60
20160605160833,1,100,5,180406,240
20160605160833,1,100,5,180406,60
20160605160833,1,100,5,180406,120
20160605160833,1,100,5,40508,30
20160605160833,1,100,5,180703,15
20160605160833,1,100,5,70103,15
20160605160833,1,100,5,180101,3
20160605160833,1,100,5,10201,10
20160605160833,1,100,5,110101,10
20160605160833,1,100,5,160102,20
20160605160833,1,100,5,120302,20
20160605160833,1,100,5,10201,3
20160605160833,1,100,5,10101,480
20160605161086,1,110,5,10101,150
20160605161086,1,110,5,140102,15
20160605161086,1,110,5,10201,30
20160605161086,1,110,5,10201,15
20160605161086,1,110,5,60301,60
20160605161086,1,110,5,180704,6
20160605161086,1,110,5,70104,10
20160605161086,1,110,5,180704,6
20160605161086,1,110,5,60301,90
20160605161086,1,110,5,20902,2
20160605161086,1,110,5,180501,65
20160605161086,1,110,5,50101,301
20160605161086,1,110,5,180703,5
20160605161086,1,110,5,70103,15
20160605161086,1,110,5,181101,5
20160605161086,1,110,5,110101,20
20160605161086,1,110,5,20904,15
20160605161086,1,110,5,50101,360
20160605161086,1,110,5,180501,40
20160605161086,1,110,5,10201,10
20160605161086,1,110,5,10101,220
20160605161153,1,110,5,10101,300
20160605161153,1,110,5,110101,20
20160605161153,1,110,5,60301,280
20160605161153,1,110,5,10101,90
20160605161153,1,110,5,110101,20
20160605161153,1,110,5,60301,190
20160605161153,1,110,5,120301,60
20160605161153,1,110,5,120308,105
20160605161153,1,110,5,120303,30
20160605161153,1,110,5,160199,30
20160605161153,1,110,5,10101,315
20160605161462,1,100,5,10101,240
20160605161462,1,100,5,180701,5
20160605161462,1,100,5,70101,10
20160605161462,1,100,5,180701,5
20160605161462,1,100,5,160102,5
20160605161462,1,100,5,20902,45
20160605161462,1,100,5,181101,10
20160605161462,1,100,5,110101,30
20160605161462,1,100,5,20201,10
20160605161462,1,100,5,20902,60
20160605161462,1,100,5,180406,15
20160605161462,1,100,5,40508,15
20160605161462,1,100,5,180207,15
20160605161462,1,100,5,20701,30
20160605161462,1,100,5,130106,120
20160605161462,1,100,5,110101,45
20160605161462,1,100,5,130132,60
20160605161462,1,100,5,130106,120
20160605161462,1,100,5,120301,45
20160605161462,1,100,5,180209,30
20160605161462,1,100,5,20902,5
20160605161462,1,100,5,181101,5
20160605161462,1,100,5,110101,35
20160605161462,1,100,5,181201,5
20160605161462,1,100,5,120101,1
20160605161462,1,100,5,181201,10
20160605161462,1,100,5,110101,29
20160605161462,1,100,5,120303,75
20160605161462,1,100,5,10101,360
20160705161302,1,100,5,10101,360
20160705161302,1,100,5,110101,20
20160705161302,1,100,5,10201,30
20160705161302,1,100,5,181301,15
20160705161302,1,100,5,130126,180
20160705161302,1,100,5,181301,15
20160705161302,1,100,5,10201,10
20160705161302,1,100,5,120303,90
20160705161302,1,100,5,110101,10
20160705161302,1,100,5,120307,240
20160705161302,1,100,5,10101,470
20160706160051,1,131,5,10101,300
20160706160051,1,131,5,10201,35
20160706160051,1,131,5,110101,60
20160706160051,1,131,5,180501,15
20160706160051,1,131,5,50101,250
20160706160051,1,131,5,180501,15
20160706160051,1,131,5,110101,15
20160706160051,1,131,5,10101,40
20160706160051,1,131,5,120303,50
20160706160051,1,131,5,180501,15
20160706160051,1,131,5,50101,195
20160706160051,1,131,5,180703,15
20160706160051,1,131,5,70103,10
20160706160051,1,131,5,180703,20
20160706160051,1,131,5,110101,30
20160706160051,1,131,5,120303,60
20160706160051,1,131,5,160102,40
20160706160051,1,131,5,120312,30
20160706160051,1,131,5,120303,40
20160706160051,1,131,5,120306,25
20160706160051,1,131,5,10101,180
20160706160111,1,100,5,10101,180
20160706160111,1,100,5,10201,25
20160706160111,1,100,5,180501,25
20160706160111,1,100,5,50103,20
20160706160111,1,100,5,50101,470
20160706160111,1,100,5,50103,10
20160706160111,1,100,5,180501,25
20160706160111,1,100,5,120301,60
20160706160111,1,100,5,10201,30
20160706160111,1,100,5,181101,10
20160706160111,1,100,5,110101,15
20160706160111,1,100,5,120303,180
20160706160111,1,100,5,120101,60
20160706160111,1,100,5,181201,30
20160706160111,1,100,5,60399,90
20160706160111,1,100,5,10101,210
20160706160804,1,100,5,10101,300
20160706160804,1,100,5,10201,30
20160706160804,1,100,5,110101,20
20160706160804,1,100,5,60301,90
20160706160804,1,100,5,181201,1
20160706160804,1,100,5,120101,150
20160706160804,1,100,5,181101,15
20160706160804,1,100,5,110101,60
20160706160804,1,100,5,180701,5
20160706160804,1,100,5,70101,60
20160706160804,1,100,5,180701,10
20160706160804,1,100,5,120303,90
20160706160804,1,100,5,181201,2
20160706160804,1,100,5,120101,120
20160706160804,1,100,5,181101,20
20160706160804,1,100,5,110101,90
20160706160804,1,100,5,181201,20
20160706160804,1,100,5,120101,57
20160706160804,1,100,5,181201,2
20160706160804,1,100,5,10101,298
20160706161179,1,100,5,10101,240
20160706161179,1,100,5,10201,60
20160706161179,1,100,5,130134,10
20160706161179,1,100,5,180501,10
20160706161179,1,100,5,50101,175
20160706161179,1,100,5,110101,15
20160706161179,1,100,5,50101,150
20160706161179,1,100,5,120301,15
20160706161179,1,100,5,50101,105
20160706161179,1,100,5,180601,15
20160706161179,1,100,5,60101,120
20160706161179,1,100,5,180601,10
20160706161179,1,100,5,110101,20
20160706161179,1,100,5,120301,285
20160706161179,1,100,5,10101,210
20160706161547,1,100,5,10101,300
20160706161547,1,100,5,110101,25
20160706161547,1,100,5,60301,180
20160706161547,1,100,5,110101,30
20160706161547,1,100,5,20501,305
20160706161547,1,100,5,20201,30
20160706161547,1,100,5,110101,30
20160706161547,1,100,5,10201,30
20160706161547,1,100,5,120303,120
20160706161547,1,100,5,10101,390
20160706161829,1,100,5,10101,360
20160706161829,1,100,5,180406,20
20160706161829,1,100,5,40501,90
20160706161829,1,100,5,40502,30
20160706161829,1,100,5,180406,7
20160706161829,1,100,5,40507,1
20160706161829,1,100,5,181301,45
20160706161829,1,100,5,130116,120
20160706161829,1,100,5,181201,45
20160706161829,1,100,5,120101,362
20160706161829,1,100,5,60301,70
20160706161829,1,100,5,180603,20
20160706161829,1,100,5,120303,75
20160706161829,1,100,5,10101,195
20160706161982,1,100,5,10101,180
20160706161982,1,100,5,10201,30
20160706161982,1,100,5,180501,60
20160706161982,1,100,5,50101,270
20160706161982,1,100,5,180501,60
20160706161982,1,100,5,20902,60
20160706161982,1,100,5,20801,120
20160706161982,1,100,5,120303,120
20160706161982,1,100,5,180701,10
20160706161982,1,100,5,70101,20
20160706161982,1,100,5,180701,10
20160706161982,1,100,5,20201,60
20160706161982,1,100,5,110101,30
20160706161982,1,100,5,120303,110
20160706161982,1,100,5,10101,300
20160706161992,1,100,5,10101,240
20160706161992,1,100,5,120308,180
20160706161992,1,100,5,20201,15
20160706161992,1,100,5,110101,45
20160706161992,1,100,5,130104,120
20160706161992,1,100,5,120301,120
20160706161992,1,100,5,180701,15
20160706161992,1,100,5,70101,10
20160706161992,1,100,5,180701,15
20160706161992,1,100,5,120307,80
20160706161992,1,100,5,110101,30
20160706161992,1,100,5,20203,10
20160706161992,1,100,5,120303,30
20160706161992,1,100,5,120305,216
20160706161992,1,100,5,20602,1
20160706161992,1,100,5,120305,30
20160706161992,1,100,5,10101,283
20160706161993,1,100,5,10101,120
20160706161993,1,100,5,20602,30
20160706161993,1,100,5,180101,5
20160706161993,1,100,5,10201,5
20160706161993,1,100,5,120101,20
20160706161993,1,100,5,50101,600
20160706161993,1,100,5,180501,10
20160706161993,1,100,5,50102,200
20160706161993,1,100,5,180501,10
20160706161993,1,100,5,20602,60
20160706161993,1,100,5,60101,90
20160706161993,1,100,5,110101,15
20160706161993,1,100,5,10201,30
20160706161993,1,100,5,10101,245
20160706162050,1,100,5,10101,60
20160706162050,1,100,5,110101,15
20160706162050,1,100,5,180501,15
20160706162050,1,100,5,50101,330
20160706162050,1,100,5,110101,30
20160706162050,1,100,5,50101,150
20160706162050,1,100,5,180501,25
20160706162050,1,100,5,110101,20
20160706162050,1,100,5,181301,20
20160706162050,1,100,5,130131,20
20160706162050,1,100,5,181301,5
20160706162050,1,100,5,120303,150
20160706162050,1,100,5,30103,60
20160706162050,1,100,5,10201,20
20160706162050,1,100,5,110101,20
20160706162050,1,100,5,10102,15
20160706162050,1,100,5,10101,485
20160707161298,1,100,5,10101,90
20160707161298,1,100,5,10201,15
20160707161298,1,100,5,110101,15
20160707161298,1,100,5,180501,20
20160707161298,1,100,5,50101,340
20160707161298,1,100,5,110101,15
20160707161298,1,100,5,120308,15
20160707161298,1,100,5,50101,120
20160707161298,1,100,5,180501,20
20160707161298,1,100,5,120303,30
20160707161298,1,100,5,181301,2
20160707161298,1,100,5,130133,90
20160707161298,1,100,5,181301,2
20160707161298,1,100,5,10201,45
20160707161298,1,100,5,180206,2
20160707161298,1,100,5,20603,45
20160707161298,1,100,5,181202,5
20160707161298,1,100,5,120201,120
20160707161298,1,100,5,181601,5
20160707161298,1,100,5,160102,2
20160707161298,1,100,5,180402,5
20160707161298,1,100,5,40112,2
20160707161298,1,100,5,181206,5
20160707161298,1,100,5,120303,190
20160707161298,1,100,5,181206,2
20160707161298,1,100,5,120101,5
20160707161298,1,100,5,10201,10
20160707161298,1,100,5,120308,15
20160707161298,1,100,5,10101,208
20160806161573,1,100,5,10101,270
20160806161573,1,100,5,20201,15
20160806161573,1,100,5,20101,120
20160806161573,1,100,5,30101,5
20160806161573,1,100,5,30101,2
20160806161573,1,100,5,20101,30
20160806161573,1,100,5,20201,20
20160806161573,1,100,5,110101,45
20160806161573,1,100,5,20203,30
20160806161573,1,100,5,20102,30
20160806161573,1,100,5,10201,45
20160806161573,1,100,5,30101,2
20160806161573,1,100,5,30101,5
20160806161573,1,100,5,30301,30
20160806161573,1,100,5,30104,45
20160806161573,1,100,5,20201,3
20160806161573,1,100,5,20202,1
20160806161573,1,100,5,10201,20
20160806161573,1,100,5,20101,5
20160806161573,1,100,5,30101,5
20160806161573,1,100,5,30101,20
20160806161573,1,100,5,30103,15
20160806161573,1,100,5,20201,5
20160806161573,1,100,5,30101,30
20160806161573,1,100,5,20201,10
20160806161573,1,100,5,110101,10
20160806161573,1,100,5,30101,10
20160806161573,1,100,5,110101,15
20160806161573,1,100,5,120303,90
20160806161573,1,100,5,30401,15
20160806161573,1,100,5,30101,60
20160806161573,1,100,5,10201,10
20160806161573,1,100,5,30101,10
20160806161573,1,100,5,30101,3
20160806161573,1,100,5,30101,3
20160806161573,1,100,5,10101,406
20160806162256,1,100,5,10101,240
20160806162256,1,100,5,10201,120
20160806162256,1,100,5,180501,30
20160806162256,1,100,5,50101,210
20160806162256,1,100,5,110101,15
20160806162256,1,100,5,50101,45
20160806162256,1,100,5,181301,30
20160806162256,1,100,5,130124,120
20160806162256,1,100,5,130133,30
20160806162256,1,100,5,181301,30
20160806162256,1,100,5,110101,60
20160806162256,1,100,5,120303,20
20160806162256,1,100,5,10101,490
20160807161800,1,100,5,10101,360
20160807161800,1,100,5,110101,20
20160807161800,1,100,5,10201,20
20160807161800,1,100,5,30106,20
20160807161800,1,100,5,180302,35
20160807161800,1,100,5,30112,1
20160807161800,1,100,5,181206,15
20160807161800,1,100,5,120307,20
20160807161800,1,100,5,180703,10
20160807161800,1,100,5,70103,10
20160807161800,1,100,5,110101,29
20160807161800,1,100,5,181206,10
20160807161800,1,100,5,120307,110
20160807161800,1,100,5,180703,3
20160807161800,1,100,5,70103,1
20160807161800,1,100,5,181206,3
20160807161800,1,100,5,120307,83
20160807161800,1,100,5,180501,7
20160807161800,1,100,5,50102,1
20160807161800,1,100,5,180406,15
20160807161800,1,100,5,40507,1
20160807161800,1,100,5,180705,5
20160807161800,1,100,5,70102,5
20160807161800,1,100,5,180705,40
20160807161800,1,100,5,60301,91
20160807161800,1,100,5,20201,1
20160807161800,1,100,5,60301,44
20160807161800,1,100,5,10201,20
20160807161800,1,100,5,120303,55
20160807161800,1,100,5,10201,10
20160807161800,1,100,5,120303,65
20160807161800,1,100,5,10101,330
20160807161949,1,100,5,10101,540
20160807161949,1,100,5,20902,120
20160807161949,1,100,5,110101,5
20160807161949,1,100,5,30401,30
20160807161949,1,100,5,180209,40
20160807161949,1,100,5,20902,60
20160807161949,1,100,5,20902,60
20160807161949,1,100,5,181201,5
20160807161949,1,100,5,120101,20
20160807161949,1,100,5,110101,60
20160807161949,1,100,5,180704,5
20160807161949,1,100,5,70104,60
20160807161949,1,100,5,180201,10
20160807161949,1,100,5,20101,30
20160807161949,1,100,5,120303,95
20160807161949,1,100,5,120308,300
20160808161134,1,131,5,10101,180
20160808161134,1,131,5,130124,60
20160808161134,1,131,5,110101,60
20160808161134,1,131,5,180603,10
20160808161134,1,131,5,60302,170
20160808161134,1,131,5,180603,10
20160808161134,1,131,5,20201,110
20160808161134,1,131,5,10101,120
20160808161134,1,131,5,180603,10
20160808161134,1,131,5,60302,170
20160808161134,1,131,5,180603,10
20160808161134,1,131,5,20201,110
20160808161134,1,131,5,10101,420
20160808161629,1,100,5,10101,270
20160808161629,1,100,5,10201,45
20160808161629,1,100,5,110101,45
20160808161629,1,100,5,120101,30
20160808161629,1,100,5,180501,5
20160808161629,1,100,5,50101,90
20160808161629,1,100,5,180704,30
20160808161629,1,100,5,70104,60
20160808161629,1,100,5,180501,30
20160808161629,1,100,5,50101,175
20160808161629,1,100,5,180101,5
20160808161629,1,100,5,10201,55
20160808161629,1,100,5,181101,5
20160808161629,1,100,5,110101,20
20160808161629,1,100,5,120101,75
20160808161629,1,100,5,181201,5
20160808161629,1,100,5,120101,255
20160808161629,1,100,5,189999,5
20160808161629,1,100,5,40507,5
20160808161629,1,100,5,181201,5
20160808161629,1,100,5,120101,10
20160808161629,1,100,5,10101,215
20160808162031,1,100,5,10101,30
20160808162031,1,100,5,110101,90
20160808162031,1,100,5,180207,35
20160808162031,1,100,5,50101,180
20160808162031,1,100,5,50101,180
20160808162031,1,100,5,50101,660
20160808162031,1,100,5,10101,265
20160808162209,1,131,5,10101,360
20160808162209,1,131,5,10201,20
20160808162209,1,131,5,20201,15
20160808162209,1,131,5,110101,30
20160808162209,1,131,5,60301,175
20160808162209,1,131,5,20201,30
20160808162209,1,131,5,120303,30
20160808162209,1,131,5,60302,180
20160808162209,1,131,5,20201,30
20160808162209,1,131,5,110101,30
20160808162209,1,131,5,120307,90
20160808162209,1,131,5,60302,60
20160808162209,1,131,5,10201,30
20160808162209,1,131,5,120312,30
20160808162209,1,131,5,120303,30
20160808162209,1,131,5,10101,300
20160808162306,1,131,5,10101,480
20160808162306,1,131,5,20101,30
20160808162306,1,131,5,180704,35
20160808162306,1,131,5,70104,175
20160808162306,1,131,5,40507,30
20160808162306,1,131,5,180406,15
20160808162306,1,131,5,120303,60
20160808162306,1,131,5,10101,75
20160808162306,1,131,5,120101,420
20160808162306,1,131,5,10101,120
20160906161368,1,100,5,10101,300
20160906161368,1,100,5,30101,60
20160906161368,1,100,5,30101,20
20160906161368,1,100,5,181204,10
20160906161368,1,100,5,120499,180
20160906161368,1,100,5,181204,10
20160906161368,1,100,5,30101,45
20160906161368,1,100,5,120303,60
20160906161368,1,100,5,60301,120
20160906161368,1,100,5,20201,45
20160906161368,1,100,5,110101,30
20160906161368,1,100,5,30101,60
20160906161368,1,100,5,30102,15
20160906161368,1,100,5,30101,15
20160906161368,1,100,5,120303,120
20160906161368,1,100,5,10101,350
20160907160727,1,131,5,10101,360
20160907160727,1,131,5,60301,240
20160907160727,1,131,5,180603,10
20160907160727,1,131,5,60301,120
20160907160727,1,131,5,130116,350
20160907160727,1,131,5,180501,10
20160907160727,1,131,5,50101,230
20160907160727,1,131,5,180501,10
20160907160727,1,131,5,10101,110
20160907161185,1,131,5,10101,360
20160907161185,1,131,5,10201,60
20160907161185,1,131,5,110101,30
20160907161185,1,131,5,60301,210
20160907161185,1,131,5,120303,60
20160907161185,1,131,5,60301,240
20160907161185,1,131,5,110101,60
20160907161185,1,131,5,10201,30
20160907161185,1,131,5,120303,90
20160907161185,1,131,5,10101,300
20160907162116,1,100,5,10101,300
20160907162116,1,100,5,181302,10
20160907162116,1,100,5,130213,230
20160907162116,1,100,5,181301,2
20160907162116,1,100,5,130133,118
20160907162116,1,100,5,181201,15
20160907162116,1,100,5,120101,60
20160907162116,1,100,5,181201,20
20160907162116,1,100,5,60301,325
20160907162116,1,100,5,110101,10
20160907162116,1,100,5,10101,350
20160908160534,1,100,5,10101,330
20160908160534,1,100,5,110101,30
20160908160534,1,100,5,120303,180
20160908160534,1,100,5,110101,30
20160908160534,1,100,5,120303,210
20160908160534,1,100,5,130134,60
20160908160534,1,100,5,120303,180
20160908160534,1,100,5,110101,30
20160908160534,1,100,5,120303,150
20160908160534,1,100,5,10101,240
20160908160565,1,100,5,10101,180
20160908160565,1,100,5,20902,40
20160908160565,1,100,5,180601,10
20160908160565,1,100,5,60101,220
20160908160565,1,100,5,110101,30
20160908160565,1,100,5,60101,180
20160908160565,1,100,5,180601,10
20160908160565,1,100,5,20101,10
20160908160565,1,100,5,180704,18
20160908160565,1,100,5,70104,2
20160908160565,1,100,5,180704,18
20160908160565,1,100,5,20902,60
20160908160565,1,100,5,60301,120
20160908160565,1,100,5,110101,30
20160908160565,1,100,5,50101,212
20160908160565,1,100,5,10201,30
20160908160565,1,100,5,10101,270
20160908160630,1,100,5,10101,480
20160908160630,1,100,5,110101,30
20160908160630,1,100,5,120303,30
20160908160630,1,100,5,181206,7
20160908160630,1,100,5,120303,420
20160908160630,1,100,5,110101,30
20160908160630,1,100,5,181101,7
20160908160630,1,100,5,10201,15
20160908160630,1,100,5,10101,361
20160908160630,1,100,5,180501,10
20160908160630,1,100,5,50101,50
20160908160733,1,100,5,10101,420
20160908160733,1,100,5,120303,30
20160908160733,1,100,5,60301,150
20160908160733,1,100,5,181201,15
20160908160733,1,100,5,120101,165
20160908160733,1,100,5,120303,120
20160908160733,1,100,5,120101,180
20160908160733,1,100,5,181201,15
20160908160733,1,100,5,10201,30
20160908160733,1,100,5,10101,315
20160908162133,1,110,5,10101,360
20160908162133,1,110,5,60301,180
20160908162133,1,110,5,110101,40
20160908162133,1,110,5,10201,40
20160908162133,1,110,5,180704,20
20160908162133,1,110,5,70104,120
20160908162133,1,110,5,181101,15
20160908162133,1,110,5,110101,60
20160908162133,1,110,5,181101,25
20160908162133,1,110,5,120303,220
20160908162133,1,110,5,60301,90
20160908162133,1,110,5,10101,270
20161009160562,1,100,5,10101,180
20161009160562,1,100,5,10201,20
20161009160562,1,100,5,20602,5
20161009160562,1,100,5,180501,10
20161009160562,1,100,5,50101,235
20161009160562,1,100,5,110101,30
20161009160562,1,100,5,50101,250
20161009160562,1,100,5,180501,10
20161009160562,1,100,5,10101,60
20161009160562,1,100,5,20602,5
20161009160562,1,100,5,110101,15
20161009160562,1,100,5,120307,320
20161009160562,1,100,5,10201,10
20161009160562,1,100,5,10101,290
20161009160587,1,110,5,10101,120
20161009160587,1,110,5,180603,30
20161009160587,1,110,5,60301,660
20161009160587,1,110,5,180601,30
20161009160587,1,110,5,60101,150
20161009160587,1,110,5,180601,25
20161009160587,1,110,5,180601,45
20161009160587,1,110,5,20201,5
20161009160587,1,110,5,110101,15
20161009160587,1,110,5,120303,30
20161009160587,1,110,5,10101,330
20161009160933,1,100,5,10101,120
20161009160933,1,100,5,20201,20
20161009160933,1,100,5,20201,15
20161009160933,1,100,5,30101,10
20161009160933,1,100,5,10201,15
20161009160933,1,100,5,20602,15
20161009160933,1,100,5,20602,15
20161009160933,1,100,5,30504,15
20161009160933,1,100,5,180302,30
20161009160933,1,100,5,30112,5
20161009160933,1,100,5,50101,310
20161009160933,1,100,5,180501,45
20161009160933,1,100,5,110101,15
20161009160933,1,100,5,60301,90
20161009160933,1,100,5,180306,30
20161009160933,1,100,5,30503,5
20161009160933,1,100,5,180703,135
20161009160933,1,100,5,70103,2
20161009160933,1,100,5,180402,8
20161009160933,1,100,5,40112,15
20161009160933,1,100,5,180402,120
20161009160933,1,100,5,60301,60
20161009160933,1,100,5,10201,5
20161009160933,1,100,5,10101,340
20161009161025,1,100,5,10101,360
20161009161025,1,100,5,10201,30
20161009161025,1,100,5,20101,30
20161009161025,1,100,5,181101,20
20161009161025,1,100,5,110101,40
20161009161025,1,100,5,181101,30
20161009161025,1,100,5,20902,10
20161009161025,1,100,5,181301,5
20161009161025,1,100,5,130199,150
20161009161025,1,100,5,181301,5
20161009161025,1,100,5,20801,60
20161009161025,1,100,5,120303,15
20161009161025,1,100,5,180101,15
20161009161025,1,100,5,10201,5
20161009161025,1,100,5,50101,220
20161009161025,1,100,5,70201,25
20161009161025,1,100,5,50101,60
20161009161025,1,100,5,50101,90
20161009161025,1,100,5,180501,20
20161009161025,1,100,5,110101,10
20161009161025,1,100,5,70201,45
20161009161025,1,100,5,10101,195
20161009161682,1,131,5,10101,90
20161009161682,1,131,5,10201,10
20161009161682,1,131,5,180601,5
20161009161682,1,131,5,60101,555
20161009161682,1,131,5,180601,5
20161009161682,1,131,5,10201,15
20161009161682,1,131,5,10101,100
20161009161682,1,131,5,110101,60
20161009161682,1,131,5,120101,60
20161009161682,1,131,5,181301,5
20161009161682,1,131,5,130124,30
20161009161682,1,131,5,130133,60
20161009161682,1,131,5,181301,5
20161009161682,1,131,5,10201,15
20161009161682,1,131,5,10101,425
20161009161819,1,100,5,10101,180
20161009161819,1,100,5,10201,40
20161009161819,1,100,5,180601,6
20161009161819,1,100,5,180601,6
20161009161819,1,100,5,60101,50
20161009161819,1,100,5,180601,10
20161009161819,1,100,5,10101,30
20161009161819,1,100,5,180806,8
20161009161819,1,100,5,80602,450
20161009161819,1,100,5,181101,10
20161009161819,1,100,5,110101,60
20161009161819,1,100,5,181101,4
20161009161819,1,100,5,10201,60
20161009161819,1,100,5,120303,90
20161009161819,1,100,5,20201,2
20161009161819,1,100,5,120303,120
20161009161819,1,100,5,120312,45
20161009161819,1,100,5,10101,269
20161009161841,1,131,5,10101,420
20161009161841,1,131,5,10201,15
20161009161841,1,131,5,110101,10
20161009161841,1,131,5,20902,10
20161009161841,1,131,5,181101,60
20161009161841,1,131,5,110101,30
20161009161841,1,131,5,180601,10
20161009161841,1,131,5,60103,15
20161009161841,1,131,5,60101,360
20161009161841,1,131,5,181101,10
20161009161841,1,131,5,110101,110
20161009161841,1,131,5,181101,45
20161009161841,1,131,5,120303,45
20161009161841,1,131,5,10201,5
20161009161841,1,131,5,10101,295
20161009162194,1,100,5,10101,240
20161009162194,1,100,5,60301,240
20161009162194,1,100,5,110101,25
20161009162194,1,100,5,120301,35
20161009162194,1,100,5,60301,90
20161009162194,1,100,5,120301,10
20161009162194,1,100,5,60301,90
20161009162194,1,100,5,120301,20
20161009162194,1,100,5,60301,90
20161009162194,1,100,5,120301,15
20161009162194,1,100,5,60301,90
20161009162194,1,100,5,130131,10
20161009162194,1,100,5,60301,90
20161009162194,1,100,5,130131,15
20161009162194,1,100,5,60301,90
20161009162194,1,100,5,110101,25
20161009162194,1,100,5,60301,20
20161009162194,1,100,5,130131,20
20161009162194,1,100,5,60301,180
20161009162194,1,100,5,120301,45
20161009162310,1,110,5,10101,60
20161009162310,1,110,5,10201,30
20161009162310,1,110,5,180501,30
20161009162310,1,110,5,50101,360
20161009162310,1,110,5,110101,15
20161009162310,1,110,5,50101,375
20161009162310,1,110,5,120308,30
20161009162310,1,110,5,180701,25
20161009162310,1,110,5,70101,30
20161009162310,1,110,5,180701,5
20161009162310,1,110,5,10201,30
20161009162310,1,110,5,30103,120
20161009162310,1,110,5,110101,30
20161009162310,1,110,5,10102,15
20161009162310,1,110,5,10101,285
20161010160972,1,100,5,10101,120
20161010160972,1,100,5,180101,60
20161010160972,1,100,5,110101,10
20161010160972,1,100,5,120303,50
20161010160972,1,100,5,10201,20
20161010160972,1,100,5,180501,40
20161010160972,1,100,5,50101,300
20161010160972,1,100,5,110101,15
20161010160972,1,100,5,50101,285
20161010160972,1,100,5,20902,15
20161010160972,1,100,5,180406,10
20161010160972,1,100,5,40507,10
20161010160972,1,100,5,180406,25
20161010160972,1,100,5,120303,60
20161010160972,1,100,5,60301,90
20161010160972,1,100,5,10101,330
20161108162220,1,131,5,10101,300
20161108162220,1,131,5,10201,30
20161108162220,1,131,5,20902,20
20161108162220,1,131,5,181101,10
20161108162220,1,131,5,110101,20
20161108162220,1,131,5,181101,5
20161108162220,1,131,5,110101,10
20161108162220,1,131,5,181205,5
20161108162220,1,131,5,181205,30
20161108162220,1,131,5,181205,20
20161108162220,1,131,5,180704,10
20161108162220,1,131,5,70104,260
20161108162220,1,131,5,181204,10
20161108162220,1,131,5,181204,15
20161108162220,1,131,5,181204,15
20161108162220,1,131,5,120499,90
20161108162220,1,131,5,181204,10
20161108162220,1,131,5,181204,20
20161108162220,1,131,5,120499,60
20161108162220,1,131,5,181101,20
20161108162220,1,131,5,110101,75
20161108162220,1,131,5,181206,10
20161108162220,1,131,5,181206,40
20161108162220,1,131,5,181206,10
20161108162220,1,131,5,120301,45
20161108162220,1,131,5,181101,15
20161108162220,1,131,5,110101,45
20161108162220,1,131,5,181101,7
20161108162220,1,131,5,110101,143
20161108162220,1,131,5,180101,15
20161108162220,1,131,5,10101,75
20161109161303,1,100,5,10101,240
20161109161303,1,100,5,120303,60
20161109161303,1,100,5,60301,240
20161109161303,1,100,5,110101,15
20161109161303,1,100,5,20301,15
20161109161303,1,100,5,60301,270
20161109161303,1,100,5,110101,30
20161109161303,1,100,5,120303,90
20161109161303,1,100,5,10201,15
20161109161303,1,100,5,140102,30
20161109161303,1,100,5,120307,30
20161109161303,1,100,5,10101,405
20161110160009,1,100,5,10101,240
20161110160009,1,100,5,10201,35
20161110160009,1,100,5,120101,25
20161110160009,1,100,5,180705,45
20161110160009,1,100,5,70102,10
20161110160009,1,100,5,180704,180
20161110160009,1,100,5,70104,15
20161110160009,1,100,5,120101,120
20161110160009,1,100,5,180704,30
20161110160009,1,100,5,70104,120
20161110160009,1,100,5,180101,30
20161110160009,1,100,5,10201,30
20161110160009,1,100,5,120101,30
20161110160009,1,100,5,181101,15
20161110160009,1,100,5,110101,60
20161110160009,1,100,5,181206,15
20161110160009,1,100,5,120301,30
20161110160009,1,100,5,10201,15
20161110160009,1,100,5,180703,15
20161110160009,1,100,5,70103,10
20161110160009,1,100,5,120101,45
20161110160009,1,100,5,130109,180
20161110160009,1,100,5,181201,15
20161110160009,1,100,5,120101,70
20161110160009,1,100,5,180101,15
20161110160009,1,100,5,10201,15
20161110160009,1,100,5,10101,30
20161110160140,1,110,5,10101,180
20161110160140,1,110,5,180207,10
20161110160140,1,110,5,20701,120
20161110160140,1,110,5,181301,10
20161110160140,1,110,5,130134,60
20161110160140,1,110,5,180209,15
20161110160140,1,110,5,20902,10
20161110160140,1,110,5,180209,15
20161110160140,1,110,5,10201,30
20161110160140,1,110,5,181204,135
20161110160140,1,110,5,181204,5
20161110160140,1,110,5,181204,20
20161110160140,1,110,5,181204,30
20161110160140,1,110,5,181204,70
20161110160140,1,110,5,120499,220
20161110160140,1,110,5,181101,70
20161110160140,1,110,5,181101,20
20161110160140,1,110,5,110101,5
20161110160140,1,110,5,181204,12
20161110160140,1,110,5,120403,120
20161110160140,1,110,5,180101,12
20161110160140,1,110,5,10101,271
20161110160637,1,100,5,10101,540
20161110160637,1,100,5,20201,30
20161110160637,1,100,5,110101,10
20161110160637,1,100,5,20904,60
20161110160637,1,100,5,20902,120
20161110160637,1,100,5,120308,120
20161110160637,1,100,5,120303,60
20161110160637,1,100,5,180806,20
20161110160637,1,100,5,80601,30
20161110160637,1,100,5,180703,10
20161110160637,1,100,5,70103,10
20161110160637,1,100,5,181202,25
20161110160637,1,100,5,120201,255
20161110160637,1,100,5,181202,60
20161110160637,1,100,5,10201,10
20161110160637,1,100,5,10101,80
20161110160877,1,100,5,10101,240
20161110160877,1,100,5,10201,20
20161110160877,1,100,5,110101,15
20161110160877,1,100,5,120101,15
20161110160877,1,100,5,20902,10
20161110160877,1,100,5,140102,10
20161110160877,1,100,5,181401,120
20161110160877,1,100,5,140101,320
20161110160877,1,100,5,181101,15
20161110160877,1,100,5,110101,60
20161110160877,1,100,5,120101,105
20161110160877,1,100,5,120303,60
20161110160877,1,100,5,60301,120
20161110160877,1,100,5,120101,90
20161110160877,1,100,5,10101,240
20161110160932,1,100,5,10101,180
20161110160932,1,100,5,110101,30
20161110160932,1,100,5,30101,30
20161110160932,1,100,5,10201,45
20161110160932,1,100,5,120301,15
20161110160932,1,100,5,181401,15
20161110160932,1,100,5,140101,90
20161110160932,1,100,5,181401,15
20161110160932,1,100,5,500106,60
20161110160932,1,100,5,110101,60
20161110160932,1,100,5,120303,60
20161110160932,1,100,5,30103,60
20161110160932,1,100,5,120301,90
20161110160932,1,100,5,120303,90
20161110160932,1,100,5,110101,60
20161110160932,1,100,5,120303,60
20161110160932,1,100,5,30101,30
20161110160932,1,100,5,30102,15
20161110160932,1,100,5,60399,60
20161110160932,1,100,5,120312,30
20161110160932,1,100,5,10201,15
20161110160932,1,100,5,10101,330
20161110160948,1,100,5,10101,360
20161110160948,1,100,5,120307,60
20161110160948,1,100,5,10201,10
20161110160948,1,100,5,180501,5
20161110160948,1,100,5,50101,525
20161110160948,1,100,5,180501,5
20161110160948,1,100,5,10102,7
20161110160948,1,100,5,10101,468
20161110161231,1,100,5,10101,240
20161110161231,1,100,5,20201,15
20161110161231,1,100,5,110101,5
20161110161231,1,100,5,20203,15
20161110161231,1,100,5,60301,265
20161110161231,1,100,5,20902,1
20161110161231,1,100,5,10201,5
20161110161231,1,100,5,180601,10
20161110161231,1,100,5,60101,90
20161110161231,1,100,5,180101,10
20161110161231,1,100,5,10201,5
20161110161231,1,100,5,130124,25
20161110161231,1,100,5,130134,10
20161110161231,1,100,5,10201,5
20161110161231,1,100,5,181101,19
20161110161231,1,100,5,110101,5
20161110161231,1,100,5,10201,15
20161110161231,1,100,5,69999,120
20161110161231,1,100,5,110101,15
20161110161231,1,100,5,20203,10
20161110161231,1,100,5,20902,1
20161110161231,1,100,5,180601,10
20161110161231,1,100,5,60101,79
20161110161231,1,100,5,60101,95
20161110161231,1,100,5,180601,10
20161110161231,1,100,5,10201,5
20161110161231,1,100,5,160199,1
20161110161231,1,100,5,181201,6
20161110161231,1,100,5,181201,15
20161110161231,1,100,5,120101,198
20161110161231,1,100,5,160199,1
20161110161231,1,100,5,189999,8
20161110161231,1,100,5,500103,7
20161110161231,1,100,5,189999,6
20161110161231,1,100,5,189999,1
20161110161231,1,100,5,10201,7
20161110161231,1,100,5,10101,105
20161110161328,1,100,5,10101,330
20161110161328,1,100,5,60301,180
20161110161328,1,100,5,110101,60
20161110161328,1,100,5,60301,90
20161110161328,1,100,5,20101,120
20161110161328,1,100,5,120303,120
20161110161328,1,100,5,180701,20
20161110161328,1,100,5,70101,45
20161110161328,1,100,5,180701,20
20161110161328,1,100,5,20201,45
20161110161328,1,100,5,110101,35
20161110161328,1,100,5,181301,15
20161110161328,1,100,5,130128,60
20161110161328,1,100,5,181301,15
20161110161328,1,100,5,10101,285
20161110161428,1,100,5,10101,855
20161110161428,1,100,5,110101,30
20161110161428,1,100,5,120307,45
20161110161428,1,100,5,120303,75
20161110161428,1,100,5,181206,5
20161110161428,1,100,5,120307,130
20161110161428,1,100,5,180406,15
20161110161428,1,100,5,40507,5
20161110161428,1,100,5,180406,15
20161110161428,1,100,5,40507,7
20161110161428,1,100,5,180406,5
20161110161428,1,100,5,10201,10
20161110161428,1,100,5,110101,23
20161110161428,1,100,5,10101,220
20161110161545,1,100,5,10101,240
20161110161545,1,100,5,10201,25
20161110161545,1,100,5,20201,10
20161110161545,1,100,5,20902,2
20161110161545,1,100,5,180501,40
20161110161545,1,100,5,50101,253
20161110161545,1,100,5,110101,15
20161110161545,1,100,5,50101,45
20161110161545,1,100,5,180501,30
20161110161545,1,100,5,10201,10
20161110161545,1,100,5,20902,5
20161110161545,1,100,5,180603,10
20161110161545,1,100,5,60301,275
20161110161545,1,100,5,180703,15
20161110161545,1,100,5,70103,5
20161110161545,1,100,5,181101,15
20161110161545,1,100,5,110101,20
20161110161545,1,100,5,60301,80
20161110161545,1,100,5,180703,5
20161110161545,1,100,5,70103,1
20161110161545,1,100,5,120101,30
20161110161545,1,100,5,181201,5
20161110161545,1,100,5,120101,60
20161110161545,1,100,5,10101,244
20161110161599,1,100,5,10101,180
20161110161599,1,100,5,10201,30
20161110161599,1,100,5,500103,120
20161110161599,1,100,5,181401,2
20161110161599,1,100,5,140101,60
20161110161599,1,100,5,181206,5
20161110161599,1,100,5,120301,30
20161110161599,1,100,5,181201,5
20161110161599,1,100,5,120101,60
20161110161599,1,100,5,181101,45
20161110161599,1,100,5,110101,180
20161110161599,1,100,5,181204,20
20161110161599,1,100,5,120499,180
20161110161599,1,100,5,181204,90
20161110161599,1,100,5,120303,73
20161110161599,1,100,5,10101,360
20161110161725,1,100,5,10101,300
20161110161725,1,100,5,10201,20
20161110161725,1,100,5,500103,5
20161110161725,1,100,5,180704,5
20161110161725,1,100,5,70104,15
20161110161725,1,100,5,180202,7
20161110161725,1,100,5,20201,10
20161110161725,1,100,5,110101,20
20161110161725,1,100,5,20203,10
20161110161725,1,100,5,20902,8
20161110161725,1,100,5,189999,10
20161110161725,1,100,5,189999,4
20161110161725,1,100,5,500101,6
20161110161725,1,100,5,500101,75
20161110161725,1,100,5,189999,3
20161110161725,1,100,5,500101,77
20161110161725,1,100,5,189999,7
20161110161725,1,100,5,500101,13
20161110161725,1,100,5,181401,5
20161110161725,1,100,5,140101,20
20161110161725,1,100,5,500103,20
20161110161725,1,100,5,500103,5
20161110161725,1,100,5,189999,15
20161110161725,1,100,5,500101,25
20161110161725,1,100,5,189999,5
20161110161725,1,100,5,500101,75
20161110161725,1,100,5,189999,5
20161110161725,1,100,5,500101,40
20161110161725,1,100,5,181201,5
20161110161725,1,100,5,120101,65
20161110161725,1,100,5,120101,20
20161110161725,1,100,5,500103,20
20161110161725,1,100,5,500103,5
20161110161725,1,100,5,181101,15
20161110161725,1,100,5,110201,5
20161110161725,1,100,5,110101,25
20161110161725,1,100,5,181206,5
20161110161725,1,100,5,120303,45
20161110161725,1,100,5,120101,180
20161110161725,1,100,5,10101,240
20161110161906,1,100,5,10101,360
20161110161906,1,100,5,10201,45
20161110161906,1,100,5,181101,10
20161110161906,1,100,5,110101,45
20161110161906,1,100,5,181101,10
20161110161906,1,100,5,10201,15
20161110161906,1,100,5,180704,20
20161110161906,1,100,5,70104,35
20161110161906,1,100,5,50101,270
20161110161906,1,100,5,110101,15
20161110161906,1,100,5,120301,15
20161110161906,1,100,5,50101,210
20161110161906,1,100,5,120301,15
20161110161906,1,100,5,50101,75
20161110161906,1,100,5,180501,20
20161110161906,1,100,5,110101,40
20161110161906,1,100,5,120303,30
20161110161906,1,100,5,10101,210
20161110162043,1,100,5,10101,300
20161110162043,1,100,5,50101,180
20161110162043,1,100,5,181301,7
20161110162043,1,100,5,130134,173
20161110162043,1,100,5,181301,7
20161110162043,1,100,5,110101,20
20161110162043,1,100,5,120312,93
20161110162043,1,100,5,120303,240
20161110162043,1,100,5,181201,10
20161110162043,1,100,5,120101,110
20161110162043,1,100,5,181201,10
20161110162043,1,100,5,10101,290
20161110162046,1,100,5,10101,120
20161110162046,1,100,5,10201,60
20161110162046,1,100,5,180501,30
20161110162046,1,100,5,50101,240
20161110162046,1,100,5,110101,30
20161110162046,1,100,5,50101,210
20161110162046,1,100,5,180501,30
20161110162046,1,100,5,60301,120
20161110162046,1,100,5,110101,45
20161110162046,1,100,5,120303,165
20161110162046,1,100,5,10101,390
20161110162286,1,100,5,10101,240
20161110162286,1,100,5,180601,10
20161110162286,1,100,5,180601,2
20161110162286,1,100,5,180601,45
20161110162286,1,100,5,180601,1
20161110162286,1,100,5,180601,7
20161110162286,1,100,5,60101,120
20161110162286,1,100,5,181101,3
20161110162286,1,100,5,110101,25
20161110162286,1,100,5,180601,3
20161110162286,1,100,5,60101,300
20161110162286,1,100,5,180601,7
20161110162286,1,100,5,180601,2
20161110162286,1,100,5,180601,45
20161110162286,1,100,5,180601,2
20161110162286,1,100,5,180601,35
20161110162286,1,100,5,180601,1
20161110162286,1,100,5,180601,15
20161110162286,1,100,5,60301,75
20161110162286,1,100,5,110101,60
20161110162286,1,100,5,60301,180
20161110162286,1,100,5,120307,30
20161110162286,1,100,5,10201,10
20161110162286,1,100,5,10101,222
20161110162441,1,100,5,10101,120
20161110162441,1,100,5,10201,60
20161110162441,1,100,5,500101,40
20161110162441,1,100,5,500103,10
20161110162441,1,100,5,180501,45
20161110162441,1,100,5,50101,205
20161110162441,1,100,5,110101,30
20161110162441,1,100,5,50101,270
20161110162441,1,100,5,500103,45
20161110162441,1,100,5,500101,20
20161110162441,1,100,5,20201,40
20161110162441,1,100,5,20201,20
20161110162441,1,100,5,110101,30
20161110162441,1,100,5,120303,30
20161110162441,1,100,5,20203,15
20161110162441,1,100,5,160101,20
20161110162441,1,100,5,30101,2
20161110162441,1,100,5,20603,5
20161110162441,1,100,5,500101,103
20161110162441,1,100,5,10101,330
20161211160862,1,100,5,10101,210
20161211160862,1,100,5,10201,30
20161211160862,1,100,5,180603,10
20161211160862,1,100,5,60301,200
20161211160862,1,100,5,60101,180
20161211160862,1,100,5,20902,30
20161211160862,1,100,5,180209,10
20161211160862,1,100,5,60301,110
20161211160862,1,100,5,120101,30
20161211160862,1,100,5,10201,15
20161211160862,1,100,5,181201,5
20161211160862,1,100,5,120101,100
20161211160862,1,100,5,181204,7
20161211160862,1,100,5,120401,173
20161211160862,1,100,5,181201,7
20161211160862,1,100,5,120101,203
20161211160862,1,100,5,181201,5
20161211160862,1,100,5,10101,115
20161211160875,1,100,5,10101,300
20161211160875,1,100,5,110101,30
20161211160875,1,100,5,500101,270
20161211160875,1,100,5,20701,30
20161211160875,1,100,5,180206,10
20161211160875,1,100,5,20602,320
20161211160875,1,100,5,180705,5
20161211160875,1,100,5,70102,5
20161211160875,1,100,5,180705,15
20161211160875,1,100,5,120303,215
20161211160875,1,100,5,120303,60
20161211160875,1,100,5,10101,180
20161211160917,1,131,5,10101,360
20161211160917,1,131,5,110101,60
20161211160917,1,131,5,180603,15
20161211160917,1,131,5,60301,45
20161211160917,1,131,5,120306,10
20161211160917,1,131,5,60301,230
20161211160917,1,131,5,120306,10
20161211160917,1,131,5,60301,50
20161211160917,1,131,5,181101,5
20161211160917,1,131,5,110101,60
20161211160917,1,131,5,180603,5
20161211160917,1,131,5,60301,110
20161211160917,1,131,5,120306,10
20161211160917,1,131,5,60301,110
20161211160917,1,131,5,180603,15
20161211160917,1,131,5,120307,120
20161211160917,1,131,5,10201,20
20161211160917,1,131,5,10101,205
20161211161508,1,100,5,60301,60
20161211161508,1,100,5,10101,420
20161211161508,1,100,5,20101,15
20161211161508,1,100,5,20203,30
20161211161508,1,100,5,20102,15
20161211161508,1,100,5,20904,30
20161211161508,1,100,5,120308,60
20161211161508,1,100,5,60301,300
20161211161508,1,100,5,20201,15
20161211161508,1,100,5,110101,15
20161211161508,1,100,5,120303,120
20161211161508,1,100,5,120308,180
20161211161508,1,100,5,120307,150
20161211161508,1,100,5,20904,15
20161211161508,1,100,5,10201,15
20161211161778,1,131,5,10101,240
20161211161778,1,131,5,110101,30
20161211161778,1,131,5,120303,120
20161211161778,1,131,5,120312,60
20161211161778,1,131,5,160102,30
20161211161778,1,131,5,110101,30
20161211161778,1,131,5,70104,120
20161211161778,1,131,5,180704,40
20161211161778,1,131,5,70104,350
20161211161778,1,131,5,180704,30
20161211161778,1,131,5,110101,30
20161211161778,1,131,5,10201,30
20161211161778,1,131,5,10101,330
20161211162112,1,100,5,10101,180
20161211162112,1,100,5,180603,10
20161211162112,1,100,5,60301,20
20161211162112,1,100,5,60101,75
20161211162112,1,100,5,180601,6
20161211162112,1,100,5,60103,9
20161211162112,1,100,5,60101,50
20161211162112,1,100,5,130133,100
20161211162112,1,100,5,10201,20
20161211162112,1,100,5,60301,70
20161211162112,1,100,5,500101,50
20161211162112,1,100,5,189999,15
20161211162112,1,100,5,20201,25
20161211162112,1,100,5,10201,5
20161211162112,1,100,5,10101,10
20161211162112,1,100,5,180501,13
20161211162112,1,100,5,50101,182
20161211162112,1,100,5,110101,5
20161211162112,1,100,5,60301,10
20161211162112,1,100,5,50101,165
20161211162112,1,100,5,110101,10
20161211162112,1,100,5,60301,20
20161211162112,1,100,5,50101,105
20161211162112,1,100,5,60301,15
20161211162112,1,100,5,180603,13
20161211162112,1,100,5,120303,17
20161211162112,1,100,5,10201,10
20161211162112,1,100,5,10101,230
20161211162200,1,100,5,10101,15
20161211162200,1,100,5,60301,90
20161211162200,1,100,5,10201,15
20161211162200,1,100,5,60301,75
20161211162200,1,100,5,181501,45
20161211162200,1,100,5,150204,270
20161211162200,1,100,5,180703,8
20161211162200,1,100,5,70103,8
20161211162200,1,100,5,180602,8
20161211162200,1,100,5,60101,186
20161211162200,1,100,5,180601,40
20161211162200,1,100,5,60301,410
20161211162200,1,100,5,10101,270
20161211162305,1,100,5,10101,120
20161211162305,1,100,5,20201,10
20161211162305,1,100,5,30101,5
20161211162305,1,100,5,20201,20
20161211162305,1,100,5,30106,85
20161211162305,1,100,5,180302,10
20161211162305,1,100,5,30112,20
20161211162305,1,100,5,180302,8
20161211162305,1,100,5,20603,30
20161211162305,1,100,5,60301,172
20161211162305,1,100,5,10201,20
20161211162305,1,100,5,110101,40
20161211162305,1,100,5,180704,15
20161211162305,1,100,5,70104,30
20161211162305,1,100,5,180704,5
20161211162305,1,100,5,70104,20
20161211162305,1,100,5,180703,5
20161211162305,1,100,5,70105,10
20161211162305,1,100,5,181206,10
20161211162305,1,100,5,120312,5
20161211162305,1,100,5,181206,15
20161211162305,1,100,5,30106,35
20161211162305,1,100,5,180302,10
20161211162305,1,100,5,30111,10
20161211162305,1,100,5,30112,10
20161211162305,1,100,5,180302,15
20161211162305,1,100,5,30106,45
20161211162305,1,100,5,60301,90
20161211162305,1,100,5,20201,90
20161211162305,1,100,5,120303,120
20161211162305,1,100,5,10201,30
20161211162305,1,100,5,30101,15
20161211162305,1,100,5,120303,120
20161211162305,1,100,5,10201,15
20161211162305,1,100,5,10101,180
20161211162361,1,100,5,10101,240
20161211162361,1,100,5,20902,30
20161211162361,1,100,5,180704,90
20161211162361,1,100,5,70104,60
20161211162361,1,100,5,181101,15
20161211162361,1,100,5,110101,165
20161211162361,1,100,5,181101,60
20161211162361,1,100,5,20301,90
20161211162361,1,100,5,120303,60
20161211162361,1,100,5,110101,30
20161211162361,1,100,5,30101,20
20161211162361,1,100,5,30102,40
20161211162361,1,100,5,30101,30
20161211162361,1,100,5,60301,150
20161211162361,1,100,5,30101,30
20161211162361,1,100,5,10101,330
20161211162376,1,110,5,10101,240
20161211162376,1,110,5,60301,180
20161211162376,1,110,5,20201,20
20161211162376,1,110,5,110101,15
20161211162376,1,110,5,120309,505
20161211162376,1,110,5,160102,360
20161211162376,1,110,5,10101,120
